term,df,sumsq,meansq,statistic,p.value
continent,2,755.617830633484,377.808915316742,11.6341690728444,3.41973016621204e-05
Residuals,85,2760.29664008241,32.4740781186166,,
